{
  "Ansi 7 Color (Light)" : {
    "Red Component" : 0.7810397744178772,
    "Color Space" : "sRGB",
    "Blue Component" : 0.78104829788208008,
    "Alpha Component" : 1,
    "Green Component" : 0.78105825185775757
  },
  "Ansi 15 Color (Light)" : {
    "Red Component" : 0.99999600648880005,
    "Color Space" : "sRGB",
    "Blue Component" : 1,
    "Alpha Component" : 1,
    "Green Component" : 1
  },
  "Use Cursor Guide" : false,
  "Bold Color" : {
    "Red Component" : 0.57647058823529407,
    "Color Space" : "sRGB",
    "Blue Component" : 0.63137254901960782,
    "Green Component" : 0.63137254901960782
  },
  "Ansi 1 Color (Dark)" : {
    "Red Component" : 0.7074432373046875,
    "Color Space" : "sRGB",
    "Blue Component" : 0.16300037503242493,
    "Alpha Component" : 1,
    "Green Component" : 0.23660069704055786
  },
  "Use Bright Bold" : true,
  "Ansi 9 Color (Light)" : {
    "Red Component" : 0.8659515380859375,
    "Color Space" : "sRGB",
    "Blue Component" : 0.45833224058151245,
    "Alpha Component" : 1,
    "Green Component" : 0.47524076700210571
  },
  "Ansi 8 Color (Dark)" : {
    "Red Component" : 0.40781760215759277,
    "Color Space" : "sRGB",
    "Blue Component" : 0.4078223705291748,
    "Alpha Component" : 1,
    "Green Component" : 0.40782788395881653
  },
  "Background Color" : {
    "Red Component" : 0,
    "Color Space" : "sRGB",
    "Blue Component" : 0.21176470588235294,
    "Green Component" : 0.16862745098039217
  },
  "Ansi 2 Color (Light)" : {
    "Red Component" : 0,
    "Color Space" : "sRGB",
    "Blue Component" : 0,
    "Alpha Component" : 1,
    "Green Component" : 0.7607843279838562
  },
  "Ansi 8 Color" : {
    "Red Component" : 0.21353700757026672,
    "Color Space" : "P3",
    "Blue Component" : 0.52671533823013306,
    "Alpha Component" : 1,
    "Green Component" : 0.41809561848640442
  },
  "Columns" : 80,
  "Right Option Key Sends" : 0,
  "Ansi 4 Color (Light)" : {
    "Red Component" : 0.15404300391674042,
    "Color Space" : "sRGB",
    "Blue Component" : 0.78216177225112915,
    "Alpha Component" : 1,
    "Green Component" : 0.26474356651306152
  },
  "Has Hotkey" : false,
  "Cursor Boost" : 0,
  "Selected Text Color (Light)" : {
    "Red Component" : 0,
    "Color Space" : "sRGB",
    "Blue Component" : 0,
    "Alpha Component" : 1,
    "Green Component" : 0
  },
  "Blinking Cursor" : false,
  "Use Underline Color" : false,
  "Selected Text Color (Dark)" : {
    "Red Component" : 0,
    "Color Space" : "sRGB",
    "Blue Component" : 0,
    "Alpha Component" : 1,
    "Green Component" : 0
  },
  "Use Tab Color" : false,
  "Ansi 3 Color (Dark)" : {
    "Red Component" : 0.78058648109436035,
    "Color Space" : "sRGB",
    "Blue Component" : 0,
    "Alpha Component" : 1,
    "Green Component" : 0.76959484815597534
  },
  "Keyboard Map" : {

  },
  "Visual Bell" : true,
  "Cursor Text Color" : {
    "Red Component" : 0.027450980392156862,
    "Color Space" : "sRGB",
    "Blue Component" : 0.25882352941176473,
    "Green Component" : 0.21176470588235294
  },
  "Scrollback Lines" : 1000000,
  "Selection Color (Light)" : {
    "Red Component" : 0.70196080207824707,
    "Color Space" : "sRGB",
    "Blue Component" : 1,
    "Alpha Component" : 1,
    "Green Component" : 0.84313726425170898
  },
  "Ansi 0 Color" : {
    "Red Component" : 0.027450980392156862,
    "Color Space" : "sRGB",
    "Blue Component" : 0.25882352941176473,
    "Green Component" : 0.21176470588235294
  },
  "Match Background Color (Dark)" : {
    "Red Component" : 0.99999994039535522,
    "Color Space" : "P3",
    "Blue Component" : 1,
    "Alpha Component" : 1,
    "Green Component" : 1
  },
  "Ansi 11 Color (Light)" : {
    "Red Component" : 0.9259033203125,
    "Color Space" : "sRGB",
    "Blue Component" : 0,
    "Alpha Component" : 1,
    "Green Component" : 0.8833775520324707
  },
  "Ansi 5 Color (Dark)" : {
    "Red Component" : 0.752197265625,
    "Color Space" : "sRGB",
    "Blue Component" : 0.74494361877441406,
    "Alpha Component" : 1,
    "Green Component" : 0.24931684136390686
  },
  "Cursor Text Color (Light)" : {
    "Red Component" : 1,
    "Color Space" : "sRGB",
    "Blue Component" : 1,
    "Alpha Component" : 1,
    "Green Component" : 1
  },
  "Silence Bell" : false,
  "Rows" : 25,
  "Draw Powerline Glyphs" : true,
  "Guid" : "1F10CB03-6B46-4143-80B3-E9466C50FE7E",
  "Ansi 14 Color (Dark)" : {
    "Red Component" : 0.37597531080245972,
    "Color Space" : "sRGB",
    "Blue Component" : 1,
    "Alpha Component" : 1,
    "Green Component" : 0.99263292551040649
  },
  "Special Font Config" : "{\"entries\":[{\"count\":4,\"start\":9211,\"fontName\":\"UnicodeIECsymbol\"},{\"start\":9829,\"count\":1,\"fontName\":\"Octicons\"},{\"fontName\":\"Octicons\",\"start\":9889,\"count\":1},{\"count\":1,\"start\":11096,\"fontName\":\"UnicodeIECsymbol\"},{\"start\":57344,\"fontName\":\"Pomicons\",\"count\":11},{\"count\":3,\"fontName\":\"PowerlineSymbols\",\"start\":57504},{\"count\":1,\"start\":57507,\"fontName\":\"PowerlineExtraSymbols\"},{\"start\":57520,\"count\":4,\"fontName\":\"PowerlineSymbols\"},{\"start\":57524,\"count\":21,\"fontName\":\"PowerlineExtraSymbols\"},{\"count\":1,\"start\":57546,\"fontName\":\"PowerlineExtraSymbols\"},{\"start\":57548,\"fontName\":\"PowerlineExtraSymbols\",\"count\":8},{\"count\":170,\"fontName\":\"font-awesome-extension\",\"destination\":57856,\"start\":57344},{\"start\":61440,\"count\":236,\"fontName\":\"Weather Icons Regular\",\"destination\":58112},{\"fontName\":\"Nerd Font File Types Regular\",\"count\":177,\"start\":58618,\"destination\":58874},{\"fontName\":\"icomoon\",\"count\":198,\"destination\":59136,\"start\":58880},{\"start\":60000,\"count\":396,\"fontName\":\"codicon\"},{\"fontName\":\"FontAwesome\",\"start\":61440,\"count\":736},{\"fontName\":\"font-logos\",\"start\":62208,\"count\":48},{\"start\":61440,\"destination\":62464,\"count\":168,\"fontName\":\"Octicons\"},{\"fontName\":\"Octicons\",\"count\":1,\"destination\":62633,\"start\":62076},{\"destination\":62634,\"start\":61609,\"count\":86,\"fontName\":\"Octicons\"},{\"fontName\":\"Material Design Icons\",\"start\":61441,\"count\":2118,\"destination\":62720},{\"start\":983041,\"fontName\":\"Material Design Icons Desktop\",\"count\":6896}],\"version\":1}",
  "Ansi 15 Color (Dark)" : {
    "Red Component" : 0.99999600648880005,
    "Color Space" : "sRGB",
    "Blue Component" : 1,
    "Alpha Component" : 1,
    "Green Component" : 1
  },
  "Ansi 0 Color (Dark)" : {
    "Red Component" : 0.078431375324726105,
    "Color Space" : "sRGB",
    "Blue Component" : 0.11764705926179886,
    "Alpha Component" : 1,
    "Green Component" : 0.098039217293262482
  },
  "Ambiguous Double Width" : false,
  "Option Key Sends" : 0,
  "Ansi 3 Color" : {
    "Red Component" : 0.70980392156862748,
    "Color Space" : "sRGB",
    "Blue Component" : 0,
    "Green Component" : 0.53725490196078429
  },
  "Window Type" : 0,
  "Smart Cursor Color" : false,
  "BM Growl" : true,
  "Prompt Before Closing 2" : false,
  "Command" : "",
  "Selected Text Color" : {
    "Red Component" : 0.57647058823529407,
    "Color Space" : "sRGB",
    "Blue Component" : 0.63137254901960782,
    "Green Component" : 0.63137254901960782
  },
  "Ansi 14 Color (Light)" : {
    "Red Component" : 0.37597531080245972,
    "Color Space" : "sRGB",
    "Blue Component" : 1,
    "Alpha Component" : 1,
    "Green Component" : 0.99263292551040649
  },
  "Cursor Guide Color (Dark)" : {
    "Red Component" : 0.37649588016392954,
    "Color Space" : "sRGB",
    "Blue Component" : 0.94099044799804688,
    "Alpha Component" : 0.25,
    "Green Component" : 0.80232617749205526
  },
  "Send Code When Idle" : false,
  "Ansi 6 Color" : {
    "Red Component" : 0.16470588235294117,
    "Color Space" : "sRGB",
    "Blue Component" : 0.59607843137254901,
    "Green Component" : 0.63137254901960782
  },
  "Jobs to Ignore" : [
    "rlogin",
    "ssh",
    "slogin",
    "telnet"
  ],